month,total_receivables_jpy_mn,loans_outstanding_jpy_mn,unsecured_loans_jpy_mn,secured_loans_jpy_mn,small_business_loans_jpy_mn,guarantee_balance_jpy_mn,customer_accounts_k,unsecured_accounts_k,contract_rate_pct,applications,new_accounts,delinquent_loan_ratio_pct,interest_refund_claims,source_file
2012-04-01,400648,336498,261316,63191,11989,57153,763,725,34.8,18811,6553,0.811,,aiful_monthly_FY2012.pdf
2012-05-01,393419,330639,257491,61417,11731,55953,749,712,35.8,20221,7238,0.768,,aiful_monthly_FY2012.pdf
2012-06-01,383459,321669,250139,60351,11178,55637,746,710,36.4,15354,5584,0.699,,aiful_monthly_FY2012.pdf
2012-07-01,377512,315327,246057,58310,10959,56169,712,676,34.9,14905,5197,0.78,,aiful_monthly_FY2012.pdf
2012-08-01,372282,310141,242197,57193,10749,56295,698,663,36.5,16762,6122,0.748,,aiful_monthly_FY2012.pdf
2012-09-01,366468,305022,238171,56481,10369,55952,696,662,36.7,17875,6554,0.704,,aiful_monthly_FY2012.pdf
2012-10-01,362499,300363,235749,54436,10177,56801,668,635,37.8,19872,7521,0.713,,aiful_monthly_FY2012.pdf
2012-11-01,358496,296970,233636,53358,9976,56336,659,626,38.5,20242,7789,0.572,,aiful_monthly_FY2012.pdf
2012-12-01,353780,291767,229075,53074,9617,57091,654,622,39.9,17159,6843,0.609,,aiful_monthly_FY2012.pdf
2013-01-01,350877,288216,227665,51134,9417,57878,636,604,38.8,21183,8222,0.585,,aiful_monthly_FY2012.pdf
2013-02-01,348318,285979,226637,50112,9229,57688,632,601,41.6,22625,9407,0.499,,aiful_monthly_FY2012.pdf
2013-03-01,348352,286316,224668,52708,8939,57603,631,600,41.4,25351,10485,0.484,,aiful_monthly_FY2012.pdf
2013-04-01,343827,280995,224378,47792,8824,58507,614,584,43.1,22784,9822,0.458,,aiful_monthly_FY2013.pdf
2013-05-01,341882,279505,223906,46862,8735,58149,614,585,47.5,23812,11320,0.507,,aiful_monthly_FY2013.pdf
2013-06-01,366644,275377,220285,46574,8516,87306,617,588,45.4,19479,8839,0.621,,aiful_monthly_FY2013.pdf
2013-07-01,363356,272461,219128,44944,8389,87066,601,572,44.3,19658,8710,0.613,,aiful_monthly_FY2013.pdf
2013-08-01,362461,270374,218125,44004,8243,88376,599,571,47.2,20902,9857,0.527,,aiful_monthly_FY2013.pdf
2013-09-01,360753,268807,217405,43498,7902,88403,605,578,46.6,22551,10500,0.565,,aiful_monthly_FY2013.pdf
2013-10-01,360275,267308,217385,42136,7787,89537,594,567,45.3,21183,9604,0.559,,aiful_monthly_FY2013.pdf
2013-11-01,357290,266570,217690,41247,7631,87379,594,567,44.8,20080,8994,0.497,,aiful_monthly_FY2013.pdf
2013-12-01,352907,262925,214948,40511,7464,86858,592,566,44.7,17738,7922,0.576,,aiful_monthly_FY2013.pdf
2014-01-01,352106,261909,215223,39340,7346,87174,585,559,42.7,22010,9407,0.534,,aiful_monthly_FY2013.pdf
2014-02-01,350717,261644,215850,38561,7232,86139,586,560,43.7,22082,9658,0.502,,aiful_monthly_FY2013.pdf
2014-03-01,350680,260776,216072,37610,7093,87058,589,565,44.2,28010,12375,0.514,,aiful_monthly_FY2013.pdf
2014-04-01,351055,260834,217034,36815,6983,87456,584,559,43.6,26244,11450,0.515,,aiful_monthly_FY2014.pdf
2014-05-01,350889,261763,218761,36136,6865,86437,588,564,44.6,29437,13136,0.56,,aiful_monthly_FY2014.pdf
2014-06-01,348316,260213,218352,35158,6702,85566,591,568,46.8,24306,11371,0.595,,aiful_monthly_FY2014.pdf
2014-07-01,347452,259902,218940,34350,6611,85092,587,564,45.3,25284,11466,0.623,,aiful_monthly_FY2014.pdf
2014-08-01,348890,261038,220831,33654,6552,85470,592,569,47.3,27096,12805,0.659,,aiful_monthly_FY2014.pdf
2014-09-01,349128,261057,221448,33163,6444,85803,598,576,45.7,30391,13903,0.632,,aiful_monthly_FY2014.pdf
2014-10-01,351273,261644,222962,32332,6349,87442,597,575,44.4,29354,13022,0.674,,aiful_monthly_FY2014.pdf
2014-11-01,351712,263277,225293,31695,6288,86315,603,581,43.8,28151,12344,0.693,,aiful_monthly_FY2014.pdf
2014-12-01,347731,261230,223901,31161,6168,84487,602,580,44.9,24934,11183,0.782,,aiful_monthly_FY2014.pdf
2015-01-01,347982,262041,225433,30516,6091,83991,602,582,44.4,30054,13344,0.71,,aiful_monthly_FY2014.pdf
2015-02-01,349391,263353,227591,29753,6007,84141,607,587,45.3,28059,12721,0.618,,aiful_monthly_FY2014.pdf
2015-03-01,349952,264557,229391,29274,5890,83574,613,592,44.2,37041,16390,0.607,,aiful_monthly_FY2014.pdf
2015-04-01,351632,266734,232349,28548,5836,83117,614,594,44.5,32439,14433,0.587,,aiful_monthly_FY2015.pdf
2015-05-01,355379,269710,236244,27685,5780,83942,623,604,44.3,36226,16053,0.644,,aiful_monthly_FY2015.pdf
2015-06-01,354418,269155,236713,26763,5678,83623,625,606,44.1,31304,13806,0.635,,aiful_monthly_FY2015.pdf
2015-07-01,355957,270829,238975,26226,5626,83537,625,607,45.8,30786,14110,0.663,,aiful_monthly_FY2015.pdf
2015-08-01,359075,274263,243024,25669,5569,83269,633,614,48.5,31959,15490,0.682,,aiful_monthly_FY2015.pdf
2015-09-01,360733,275892,245403,25051,5438,83364,638,620,47.2,36117,17065,0.624,,aiful_monthly_FY2015.pdf
2015-10-01,363752,279066,249114,24578,5373,83260,641,624,47.5,32344,15357,0.645,,aiful_monthly_FY2015.pdf
2015-11-01,368729,282829,253441,24091,5296,84512,649,631,47.0,30978,14571,0.634,,aiful_monthly_FY2015.pdf
2015-12-01,366675,281245,252534,23497,5214,84122,645,628,47.5,25377,12058,0.671,,aiful_monthly_FY2015.pdf
2016-01-01,369543,284312,256086,23050,5176,83951,649,633,46.7,29046,13558,0.656,,aiful_monthly_FY2015.pdf
2016-02-01,372701,287391,259869,22385,5137,84069,657,641,47.8,31856,15216,0.651,,aiful_monthly_FY2015.pdf
2016-03-01,374362,289565,262655,21839,5070,83602,664,647,47.2,40109,18949,0.6,,aiful_monthly_FY2015.pdf
2016-04-01,378117,293291,266865,21408,5017,83659,669,653,45.9,34125,15673,0.625,4400,aiful_monthly_FY2016.pdf
2016-05-01,383205,298025,272027,21021,4976,84042,679,664,47.0,37109,17458,0.701,4200,aiful_monthly_FY2016.pdf
2016-06-01,382345,297777,272447,20441,4887,83481,678,662,47.5,29102,13833,0.656,4200,aiful_monthly_FY2016.pdf
2016-07-01,385014,300479,275592,20039,4847,83475,681,666,44.8,29632,13266,0.717,3800,aiful_monthly_FY2016.pdf
2016-08-01,388939,304210,279801,19598,4810,83692,689,673,47.0,33073,15557,0.718,3800,aiful_monthly_FY2016.pdf
2016-09-01,391250,306418,282724,18962,4732,83838,694,679,47.0,39119,18381,0.615,3500,aiful_monthly_FY2016.pdf
2016-10-01,395832,311217,287997,18520,4698,83643,702,687,46.3,36658,16968,0.701,3500,aiful_monthly_FY2016.pdf
2016-11-01,400766,316046,293199,18176,4669,83772,711,697,46.5,35319,16435,0.685,3400,aiful_monthly_FY2016.pdf
2016-12-01,399070,314391,292122,17642,4627,83761,706,692,43.5,28619,12460,0.707,3500,aiful_monthly_FY2016.pdf
2017-01-01,402212,317373,295439,17310,4624,83942,711,697,41.4,31616,13100,0.733,3200,aiful_monthly_FY2016.pdf
2017-02-01,405493,319940,298413,16924,4602,84675,716,702,41.8,31012,12966,0.643,2300,aiful_monthly_FY2016.pdf
2017-03-01,408259,322087,301063,16447,4575,85314,721,707,43.5,37977,16507,0.631,3400,aiful_monthly_FY2016.pdf
2017-04-01,412640,326132,305415,16086,4629,85665,727,713,42.5,34405,14622,0.733,3700,aiful_monthly_FY2017.pdf
2017-05-01,418650,330973,310525,15755,4691,86852,736,722,42.0,37579,15788,0.704,3500,aiful_monthly_FY2017.pdf
2017-06-01,417769,329860,309774,15316,4769,87108,733,719,42.9,32448,13936,0.625,2900,aiful_monthly_FY2017.pdf
2017-07-01,421799,332792,312934,15004,4853,88216,739,725,47.3,31415,14856,0.8,2200,aiful_monthly_FY2017.pdf
2017-08-01,426498,336344,316746,14657,4939,89377,748,734,47.4,35023,16601,0.73,2200,aiful_monthly_FY2017.pdf
2017-09-01,429179,338480,319250,14285,4944,89939,754,741,47.3,40473,19132,0.648,1900,aiful_monthly_FY2017.pdf
2017-10-01,435119,343469,324510,13927,5031,90903,764,750,46.4,38036,17666,0.739,1700,aiful_monthly_FY2017.pdf
2017-11-01,440777,348347,329538,13624,5185,91695,775,761,45.9,36590,16785,0.735,1500,aiful_monthly_FY2017.pdf
2017-12-01,439132,346707,328112,13232,5362,91706,771,758,47.3,29005,13709,0.731,1800,aiful_monthly_FY2017.pdf
2018-01-01,444201,351279,332783,12974,5521,92215,781,767,45.8,35267,16159,0.751,1900,aiful_monthly_FY2017.pdf
2018-02-01,449692,355671,337281,12677,5712,93324,790,776,45.9,35376,16249,0.622,1200,aiful_monthly_FY2017.pdf
2018-03-01,454316,360031,341777,12403,5850,93781,802,788,46.5,47399,22062,0.607,1300,aiful_monthly_FY2017.pdf
2018-04-01,460373,365323,347147,12129,6046,94553,812,798,44.9,40402,18155,0.689,1400,aiful_monthly_FY2018.pdf
2018-05-01,466770,371039,352969,11814,6255,95243,826,811,48.2,43090,20779,0.671,1400,aiful_monthly_FY2018.pdf
2018-06-01,466339,370147,352210,11553,6383,95722,822,808,46.2,32585,15059,0.715,1600,aiful_monthly_FY2018.pdf
2018-07-01,470929,373285,355380,11275,6629,97179,828,813,45.3,33217,15037,0.779,1600,aiful_monthly_FY2018.pdf
2018-08-01,476803,377576,359709,11022,6844,98773,838,824,46.0,38646,17776,0.732,1700,aiful_monthly_FY2018.pdf
2018-09-01,479822,380036,362327,10748,6961,99339,844,830,46.3,41314,19127,0.674,1500,aiful_monthly_FY2018.pdf
2018-10-01,486317,385492,367818,10505,7168,100388,854,839,45.9,38806,17806,0.74,1400,aiful_monthly_FY2018.pdf
2018-11-01,492003,389984,372349,10278,7356,101587,863,848,45.5,34614,15760,0.703,1200,aiful_monthly_FY2018.pdf
2018-12-01,490359,387616,370189,9965,7462,102323,857,843,42.8,28219,12088,0.781,1100,aiful_monthly_FY2018.pdf
2019-01-01,494390,390582,373206,9763,7612,103394,863,848,43.6,32152,14023,0.736,900,aiful_monthly_FY2018.pdf
2019-02-01,500220,394754,377441,9545,7766,105057,871,857,45.0,33523,15088,0.585,900,aiful_monthly_FY2018.pdf
2019-03-01,503382,396540,379317,9306,7915,106440,876,861,42.5,43911,18655,0.688,1000,aiful_monthly_FY2018.pdf
2019-04-01,507545,400180,383100,9075,8004,106969,884,870,42.4,38152,16183,0.675,1100,aiful_monthly_FY2019.pdf
2019-05-01,512024,403776,386878,8854,8043,107858,896,882,44.0,44008,19347,0.684,1200,aiful_monthly_FY2019.pdf
2019-06-01,509371,401289,384760,8571,7957,107707,889,875,43.1,35224,15173,0.752,1100,aiful_monthly_FY2019.pdf
2019-07-01,513696,405221,388858,8386,7976,108105,895,881,41.5,36847,15301,0.879,1200,aiful_monthly_FY2019.pdf
2019-08-01,521818,411009,394814,8185,8009,110446,905,891,42.7,41098,17556,0.679,1100,aiful_monthly_FY2019.pdf
2019-09-01,526349,414199,398209,7980,8009,111797,910,896,43.7,46658,20385,0.758,1000,aiful_monthly_FY2019.pdf
2019-10-01,533243,419780,403910,7771,8098,113115,918,905,42.9,41232,17682,0.774,1100,aiful_monthly_FY2019.pdf
2019-11-01,541971,426554,410775,7582,8196,115071,930,917,43.6,39023,17029,0.701,1000,aiful_monthly_FY2019.pdf
2019-12-01,541367,424198,408703,7322,8172,116833,924,910,44.9,30755,13797,0.801,1000,aiful_monthly_FY2019.pdf
2020-01-01,547038,428338,412948,7131,8258,118367,931,918,45.7,34404,15715,0.732,1100,aiful_monthly_FY2019.pdf
2020-02-01,555329,434921,419227,7376,8318,120080,944,930,45.8,38629,17677,0.686,900,aiful_monthly_FY2019.pdf
2020-03-01,560267,437679,422382,6958,8338,122262,950,937,44.5,45684,20310,0.707,1000,aiful_monthly_FY2019.pdf
2020-04-01,562818,439436,424358,6768,8309,123060,952,939,38.7,33066,12806,0.776,1000,aiful_monthly_FY2020.pdf
2020-05-01,562430,438744,423919,6623,8202,123366,949,936,40.1,19155,7688,0.852,900,aiful_monthly_FY2020.pdf
2020-06-01,550338,429315,415081,6408,7825,120720,925,912,41.1,18591,7640,0.823,900,aiful_monthly_FY2020.pdf
2020-07-01,547676,426587,412811,6084,7691,120790,919,907,40.0,25752,10288,0.793,800,aiful_monthly_FY2020.pdf
2020-08-01,550414,428767,415232,5909,7625,121352,923,910,41.1,31095,12786,0.677,1000,aiful_monthly_FY2020.pdf
2020-09-01,550024,426950,413696,5762,7491,122782,917,905,41.0,37487,15372,0.603,800,aiful_monthly_FY2020.pdf
2020-10-01,555646,431175,418293,5398,7483,124183,926,914,41.5,41518,17241,0.648,800,aiful_monthly_FY2020.pdf
2020-11-01,562209,436335,423553,5264,7518,125589,936,924,41.7,41627,17349,0.727,900,aiful_monthly_FY2020.pdf
2020-12-01,560553,432664,419900,5247,7516,127610,926,914,39.2,36994,14501,0.782,800,aiful_monthly_FY2020.pdf
2021-01-01,565639,436373,423847,4946,7579,128989,932,921,39.0,38827,15146,0.769,600,aiful_monthly_FY2020.pdf
2021-02-01,570210,439080,426644,4818,7617,130856,937,925,40.7,32775,13342,0.729,700,aiful_monthly_FY2020.pdf
2021-03-01,572070,438300,425848,4813,7638,133501,933,922,38.1,44450,16952,0.784,700,aiful_monthly_FY2020.pdf
2021-04-01,577865,442002,429593,4167,8241,135598,940,928,37.5,42862,16054,0.703,600,aiful_monthly_FY2021.pdf
2021-05-01,583912,445867,433464,4589,7813,137782,949,937,37.0,46466,17201,0.955,600,aiful_monthly_FY2021.pdf
2021-06-01,581841,442105,429874,4401,7829,139485,939,927,35.8,42733,15307,0.714,700,aiful_monthly_FY2021.pdf
2021-07-01,586518,444650,432409,4305,7934,141619,944,933,34.8,43573,15170,0.92,600,aiful_monthly_FY2021.pdf
2021-08-01,591598,447649,435415,4197,8036,143701,951,940,33.9,49726,16869,0.82,700,aiful_monthly_FY2021.pdf
2021-09-01,592705,446352,434245,4079,8027,146111,947,936,33.0,55997,18505,0.726,600,aiful_monthly_FY2021.pdf
2021-10-01,600530,451886,439762,3984,8139,148404,958,946,31.1,57794,17957,0.788,600,aiful_monthly_FY2021.pdf
2021-11-01,607652,457171,445006,3892,8272,150242,969,958,32.0,61101,19536,0.835,700,aiful_monthly_FY2021.pdf
2021-12-01,604484,452723,440609,3783,8329,151527,959,948,30.2,54399,16405,0.892,600,aiful_monthly_FY2021.pdf
2022-01-01,610434,457333,445145,3701,8485,152868,969,957,29.4,59504,17466,0.86,500,aiful_monthly_FY2021.pdf
2022-02-01,616024,461045,448850,3613,8581,154731,977,966,32.5,55163,17943,0.81,500,aiful_monthly_FY2021.pdf
2022-03-01,619388,461884,449747,3501,8635,157277,980,968,31.5,68559,21601,0.715,600,aiful_monthly_FY2021.pdf
2022-04-01,627145,467337,455147,3420,8769,159582,992,981,29.4,67193,19752,0.942,500,aiful_monthly_FY2022.pdf
2022-05-01,634745,473138,460880,3356,8901,161384,1007,996,29.5,81747,24100,0.884,500,aiful_monthly_FY2022.pdf
2022-06-01,632404,469156,456950,3252,8953,163031,999,988,29.8,68644,20488,0.748,500,aiful_monthly_FY2022.pdf
2022-07-01,638852,472991,460701,3189,9100,165646,1011,1000,32.2,64912,20919,1.018,500,aiful_monthly_FY2022.pdf
2022-08-01,645895,477536,465132,3119,9284,168146,1025,1014,33.0,72186,23797,0.899,500,aiful_monthly_FY2022.pdf
2022-09-01,649656,478038,465623,3022,9392,171414,1031,1019,36.9,70134,25903,0.748,400,aiful_monthly_FY2022.pdf
2022-10-01,659542,485159,472736,2866,9556,174181,1052,1040,35.2,79098,27818,0.888,400,aiful_monthly_FY2022.pdf
2022-11-01,668804,491408,478865,2804,9738,177195,1070,1058,33.0,82023,27040,0.982,400,aiful_monthly_FY2022.pdf
2022-12-01,667138,487131,474594,2687,9849,179814,1064,1052,30.6,72599,22204,0.878,500,aiful_monthly_FY2022.pdf
2023-01-01,675576,493604,480963,2624,10016,181781,1083,1071,32.2,82340,26519,0.862,400,aiful_monthly_FY2022.pdf
2023-02-01,685069,499788,487011,2576,10200,185091,1103,1091,32.8,90055,29532,0.797,400,aiful_monthly_FY2022.pdf
2023-03-01,691689,502874,490096,2502,10275,188629,1115,1103,29.6,111971,33111,0.655,400,aiful_monthly_FY2022.pdf
2023-04-01,703450,511454,498558,2425,10471,191811,1136,1125,29.7,100631,29864,1.007,350,aiful_monthly_FY2023.pdf
2023-05-01,714637,519857,506818,2368,10669,194597,1157,1145,27.7,108743,30103,0.952,380,aiful_monthly_FY2023.pdf
2023-06-01,713414,516310,503277,2278,10754,196927,1152,1140,37.8,76197,28767,0.768,410,aiful_monthly_FY2023.pdf
2023-07-01,722469,522242,509067,2232,10943,200050,1169,1157,37.0,75922,28123,1.121,320,aiful_monthly_FY2023.pdf
2023-08-01,731836,527842,514561,2158,11122,203818,1188,1176,37.4,85643,32046,0.966,210,aiful_monthly_FY2023.pdf
2023-09-01,740160,532538,519149,2112,11276,207447,1203,1191,39.2,97344,38171,0.819,290,aiful_monthly_FY2023.pdf
2023-10-01,753546,542731,529167,2059,11504,210642,1227,1215,38.8,86838,33703,0.92,170,aiful_monthly_FY2023.pdf
2023-11-01,764570,550395,536612,2020,11762,214002,1244,1232,39.3,69545,27363,0.879,230,aiful_monthly_FY2023.pdf
2023-12-01,762809,545486,531668,1954,11863,217154,1229,1217,40.3,49482,19925,0.914,330,aiful_monthly_FY2023.pdf
2024-01-01,771369,552020,538006,1909,12104,219181,1238,1226,37.2,51962,19307,0.912,250,aiful_monthly_FY2023.pdf
2024-02-01,781563,558328,544100,1875,12352,223068,1249,1236,36.1,60418,21819,0.799,230,aiful_monthly_FY2023.pdf
2024-03-01,790608,562913,548554,1836,12522,227532,1256,1243,36.0,81872,29466,0.979,210,aiful_monthly_FY2023.pdf
2024-04-01,803294,572108,557493,1797,12817,231024,1274,1261,34.9,86179,30082,0.736,250,aiful_monthly_FY2024.pdf
2024-05-01,814540,579029,564249,1734,13045,235351,1294,1281,36.7,90424,33189,0.611,220,aiful_monthly_FY2024.pdf
2024-06-01,814747,575882,561051,1720,13111,238707,1282,1269,37.0,70324,26042,0.961,180,aiful_monthly_FY2024.pdf
2024-07-01,822844,580075,565006,1683,13385,242613,1292,1279,33.3,73377,24439,0.936,200,aiful_monthly_FY2024.pdf
2024-08-01,833912,586243,570979,1640,13623,247516,1306,1293,34.1,78990,26974,0.77,150,aiful_monthly_FY2024.pdf
2024-09-01,837861,586290,571014,1590,13685,251423,1307,1294,34.6,91404,31597,0.939,130,aiful_monthly_FY2024.pdf
2024-10-01,848974,593734,578265,1550,13918,255093,1323,1310,32.5,89259,29040,0.846,170,aiful_monthly_FY2024.pdf
2024-11-01,863718,603082,587454,1514,14113,260487,1341,1328,33.0,81279,26832,0.762,140,aiful_monthly_FY2024.pdf
2024-12-01,860163,596106,580444,1481,14181,263910,1320,1307,30.5,63121,19250,0.821,140,aiful_monthly_FY2024.pdf
2025-01-01,868994,600726,584848,1447,14430,268122,1327,1313,30.1,72893,21925,0.764,120,aiful_monthly_FY2024.pdf
2025-02-01,876219,604009,588165,1425,14418,272065,1320,1307,30.6,78914,24132,0.593,120,aiful_monthly_FY2024.pdf
2025-03-01,894844,614222,597976,1385,14860,280481,1348,1335,31.0,103204,32026,0.822,120,aiful_monthly_FY2024.pdf
2025-04-01,909904,623611,607133,1335,15142,286153,1363,1350,31.9,84865,27079,0.739,170,aiful_monthly_FY2025.pdf
2025-05-01,924913,632596,615885,1303,15407,292178,1379,1365,30.7,90718,27888,0.719,110,aiful_monthly_FY2025.pdf
2025-06-01,925767,627688,610943,1275,15468,297942,1360,1347,31.8,73695,23407,0.611,120,aiful_monthly_FY2025.pdf
2025-07-01,934504,630849,613837,1254,15757,303519,1364,1350,30.4,75530,22982,0.86,110,aiful_monthly_FY2025.pdf
2025-08-01,951740,639171,621893,1232,16044,312433,1379,1365,30.4,79253,24088,0.749,120,aiful_monthly_FY2025.pdf
2025-09-01,959587,639732,622452,1176,16102,319723,1378,1364,30.1,92316,27809,0.683,100,aiful_monthly_FY2025.pdf
2025-10-01,975155,647549,630065,1149,16334,327476,1393,1379,31.5,90389,28516,0.714,120,aiful_monthly_FY2025.pdf
2025-11-01,989759,658219,640494,1135,16589,331411,1413,1398,32.4,85355,27687,0.752,100,aiful_monthly_FY2025.pdf
2025-12-01,995926,650094,632334,1099,16660,345705,1388,1374,29.7,67223,19944,0.796,100,aiful_monthly_FY2025.pdf
2026-01-01,1010174,656876,638887,1079,16908,353172,1397,1382,27.5,75540,20801,0.695,60,aiful_monthly_FY2025.pdf
2026-02-01,1022314,660955,642776,1058,17120,361232,1396,1382,28.0,76165,21306,0.623,60,aiful_monthly_FY2025.pdf
2026-03-01,1039055,666396,648117,1041,17236,372532,1406,1391,29.7,93873,27903,0.626,100,aiful_monthly_FY2025.pdf
2026-04-01,1055073,675212,656628,1023,17559,379735,1417,1402,28.3,83281,23602,0.574,60,aiful_monthly_FY2026.pdf
2026-05-01,1071110,683053,664309,1007,17736,387931,1432,1417,27.8,92607,25741,0.759,60,aiful_monthly_FY2026.pdf
2026-06-01,1073418,676108,657580,977,17550,397189,1415,1400,29.4,78052,22974,0.528,70,aiful_monthly_FY2026.pdf
2026-07-01,1085101,676416,657907,954,17554,408564,1417,1403,28.7,73882,21180,0.756,70,aiful_monthly_FY2026.pdf
2026-08-01,1103205,682512,663982,938,17591,420574,1430,1415,28.2,80478,22657,0.654,50,aiful_monthly_FY2026.pdf
