,Balance ¥bn,Balance 80% low,Balance 80% high,Applications,New accounts,New acc. 80% low,New acc. 80% high,Implied contract rate %
Sep-2026,662.7,659.9,665.5,90622.1,25742.4,23135.0,28643.5,28.4
Oct-2026,669.4,664.2,674.7,87906.9,25017.0,21348.0,29316.5,28.5
Nov-2026,678.5,670.3,686.9,83917.6,24267.4,20155.4,29218.3,28.9
Dec-2026,668.8,657.7,680.1,69026.5,19622.8,16048.6,23993.1,28.4
Jan-2027,674.2,659.8,688.8,78760.1,21929.6,17738.7,27110.6,27.8
Feb-2027,677.4,659.8,695.5,80490.8,22979.8,18408.1,28687.0,28.5
Mar-2027,683.1,662.1,704.8,101685.8,28712.6,22782.5,36186.2,28.2
Apr-2027,691.7,667.1,717.1,91323.0,25344.9,19920.5,32246.4,27.8
May-2027,699.4,671.3,728.7,96448.6,26997.5,21023.2,34669.6,28.0
Jun-2027,692.2,661.1,724.7,79216.0,22752.1,17558.0,29482.7,28.7
Jul-2027,693.0,658.7,729.0,80560.6,22881.3,17504.2,29910.1,28.4
Aug-2027,699.5,661.7,739.3,89042.0,25879.8,19631.7,34116.5,29.1
