target,origin,model,MAPE_%,RMSE,bias_%,in_80%_band
Unsecured loan balance (¥mn),2021-08-01,Seasonal naive,5.349929522507693,24343.783932796203,5.349929522507693,
Unsecured loan balance (¥mn),2021-08-01,SARIMA,0.5422564036145044,3336.3453930987544,0.23089523797819103,100.0
Unsecured loan balance (¥mn),2021-08-01,Prophet,1.3328117762760197,7500.614652463729,1.3328117762760197,
Unsecured loan balance (¥mn),2022-02-01,Seasonal naive,6.546736670431052,30963.580775108465,6.546736670431052,
Unsecured loan balance (¥mn),2022-02-01,SARIMA,1.897582882832178,10138.742726646144,1.897582882832178,100.0
Unsecured loan balance (¥mn),2022-02-01,Prophet,3.3469302182888425,16993.609727646875,3.3469302182888425,
Unsecured loan balance (¥mn),2022-08-01,Seasonal naive,8.128727377727422,40480.45845734293,8.128727377727422,
Unsecured loan balance (¥mn),2022-08-01,SARIMA,0.809497111815023,5872.681505635993,0.7436746885063585,100.0
Unsecured loan balance (¥mn),2022-08-01,Prophet,3.0849116216191295,17387.32200150015,3.0849116216191295,
Unsecured loan balance (¥mn),2023-02-01,Seasonal naive,9.823501922624175,51402.2123259301,9.823501922624175,
Unsecured loan balance (¥mn),2023-02-01,SARIMA,1.2954656268346763,7658.360692014792,1.2954656268346763,100.0
Unsecured loan balance (¥mn),2023-02-01,Prophet,4.527259177867069,24934.575151286386,4.527259177867069,
Unsecured loan balance (¥mn),2023-08-01,Seasonal naive,10.42093917937798,57004.16283263881,10.42093917937798,
Unsecured loan balance (¥mn),2023-08-01,SARIMA,0.8328603225233324,4633.3900599139315,0.8328603225233324,83.33333333333334
Unsecured loan balance (¥mn),2023-08-01,Prophet,4.218031887295398,23681.06421604035,4.218031887295398,
Unsecured loan balance (¥mn),2024-02-01,Seasonal naive,9.301505910517603,53259.96419215845,9.301505910517603,
Unsecured loan balance (¥mn),2024-02-01,SARIMA,0.6334705069714486,4625.676769673925,-0.30679404084652895,100.0
Unsecured loan balance (¥mn),2024-02-01,Prophet,2.0048892137277923,11591.869289691369,2.0048892137277923,
Unsecured loan balance (¥mn),2024-08-01,Seasonal naive,8.272168238315366,49362.05523054458,8.272168238315366,
Unsecured loan balance (¥mn),2024-08-01,SARIMA,1.200836404994,7497.152977674512,-1.200836404994,83.33333333333334
Unsecured loan balance (¥mn),2024-08-01,Prophet,0.4453246141160081,2855.717045371489,0.20827383355313195,
Unsecured loan balance (¥mn),2025-02-01,Seasonal naive,8.25501650797979,51459.004870382014,8.25501650797979,
Unsecured loan balance (¥mn),2025-02-01,SARIMA,2.57841084013315,16482.94225590828,2.57841084013315,50.0
Unsecured loan balance (¥mn),2025-02-01,Prophet,0.20799500766107326,1577.2439028557446,-0.1530120579651255,
Unsecured loan balance (¥mn),2025-08-01,Seasonal naive,7.718327583516015,49945.731931434006,7.718327583516015,
Unsecured loan balance (¥mn),2025-08-01,SARIMA,1.504334954703577,11727.895815102394,-1.504334954703577,100.0
Unsecured loan balance (¥mn),2025-08-01,Prophet,0.7084426313671203,5595.225376612657,-0.7084426313671203,
Applications,2021-08-01,Seasonal naive,34.72398963830467,22853.946951237984,34.72398963830467,
Applications,2021-08-01,SARIMA,28.231995633715666,20953.63584382113,28.231995633715666,8.333333333333332
Applications,2021-08-01,Prophet,30.201634645724436,20750.427856682392,30.201634645724436,
Applications,2022-02-01,Seasonal naive,31.70132894759652,24513.2526639503,31.70132894759652,
Applications,2022-02-01,SARIMA,17.64191357402235,15860.593871284309,17.55146617202207,50.0
Applications,2022-02-01,Prophet,27.154942456505893,22273.625141884862,27.154942456505893,
Applications,2022-08-01,Seasonal naive,25.09151477119928,24583.978846327267,25.09151477119928,
Applications,2022-08-01,SARIMA,9.799303549850597,11455.048883720996,7.096443827914789,91.66666666666666
Applications,2022-08-01,Prophet,18.292904303229342,19050.246864584176,17.628891944327698,
Applications,2023-02-01,Seasonal naive,28.832733067791068,24803.237167756954,0.13680753529701956,
Applications,2023-02-01,SARIMA,37.80485376120155,30294.032304184544,-37.80485376120155,66.66666666666666
Applications,2023-02-01,Prophet,27.87225086678575,23144.448229196438,-19.082570763830624,
Applications,2023-08-01,Seasonal naive,25.25630589961711,20056.56574748861,-19.112045100426908,
Applications,2023-08-01,SARIMA,30.35157795663892,22402.8957012223,-29.7067353913303,58.333333333333336
Applications,2023-08-01,Prophet,48.60943132647671,35095.16944087905,-48.60943132647671,
Applications,2024-02-01,Seasonal naive,15.953564136438608,14946.265207959701,-0.8019649151995866,
Applications,2024-02-01,SARIMA,15.444393310377622,13165.384128292468,15.444393310377622,83.33333333333334
Applications,2024-02-01,Prophet,20.671193768801658,16495.101417300404,-20.671193768801658,
Applications,2024-08-01,Seasonal naive,10.642250949500614,11611.769065621886,9.301090451490278,
Applications,2024-08-01,SARIMA,4.406827307480359,4092.5161237074512,-1.0628413992319075,100.0
Applications,2024-08-01,Prophet,13.6610299891095,12114.013723483178,-13.6610299891095,
Applications,2025-02-01,Seasonal naive,4.21063825603322,6602.069808022329,3.3510364505379884,
Applications,2025-02-01,SARIMA,10.50621661152399,9001.019189563758,-10.150763096226497,100.0
Applications,2025-02-01,Prophet,14.259847229143338,12233.998115109864,-14.259847229143338,
Applications,2025-08-01,Seasonal naive,3.6204668279526167,3724.438995786256,0.6734879847157607,
Applications,2025-08-01,SARIMA,4.521977559705862,4436.681457865669,-1.8392813031888482,100.0
Applications,2025-08-01,Prophet,14.644191277981625,13058.520848454398,-14.644191277981625,
New accounts,2021-08-01,Seasonal naive,19.44983345135647,4435.30986328276,19.44983345135647,
New accounts,2021-08-01,SARIMA,15.886453815935708,3957.0251808170874,15.20403183511869,66.66666666666666
New accounts,2021-08-01,Prophet,16.87521489916081,3926.4833329967078,15.935519661165564,
New accounts,2022-02-01,Seasonal naive,28.500914416729646,7353.827937430501,28.500914416729646,
New accounts,2022-02-01,SARIMA,20.464172533516837,5840.576865393328,20.116883508717475,33.33333333333333
New accounts,2022-02-01,Prophet,26.67955686571063,7379.376238161546,26.67955686571063,
New accounts,2022-08-01,Seasonal naive,29.99643853823683,8743.683353331897,29.99643853823683,
New accounts,2022-08-01,SARIMA,15.459944371566307,4838.217356386046,15.091186563734354,100.0
New accounts,2022-08-01,Prophet,31.929987797667664,9387.783303068736,31.929987797667664,
New accounts,2023-02-01,Seasonal naive,25.30197817028942,7964.46609949468,11.278287517089842,
New accounts,2023-02-01,SARIMA,16.657920360893232,5335.4008264093245,-13.371380173664479,75.0
New accounts,2023-02-01,Prophet,19.502622230090964,6134.748638201388,8.61570726374138,
New accounts,2023-08-01,Seasonal naive,16.804838950050218,5564.157183856929,-6.670787375402458,
New accounts,2023-08-01,SARIMA,26.77933026466605,7392.344485910942,-25.680796642006026,41.66666666666667
New accounts,2023-08-01,Prophet,24.57812885591789,6799.5528639092445,-21.60728452903575,
New accounts,2024-02-01,Seasonal naive,10.8840384227046,3505.7349918859145,-5.625965426693872,
New accounts,2024-02-01,SARIMA,8.771797317043541,2792.4233120197573,-2.2725471288041628,100.0
New accounts,2024-02-01,Prophet,23.34811489149999,6367.678384569432,-23.34811489149999,
New accounts,2024-08-01,Seasonal naive,10.961957054630382,3403.0599465774917,-6.0421244009305015,
New accounts,2024-08-01,SARIMA,14.722447519670876,4027.1427738568364,-14.195765228914428,100.0
New accounts,2024-08-01,Prophet,25.189343500937383,6536.572231408506,-25.189343500937383,
New accounts,2025-02-01,Seasonal naive,9.030327511105432,2679.4451073558744,-6.6034374373674956,
New accounts,2025-02-01,SARIMA,12.399392237702429,3459.485276431547,-11.731026461210998,100.0
New accounts,2025-02-01,Prophet,23.42024015587531,6008.901949778232,-23.42024015587531,
New accounts,2025-08-01,Seasonal naive,7.937650864977187,2314.205299161392,-6.843011670732997,
New accounts,2025-08-01,SARIMA,11.776451262156803,3062.201825222905,-8.97017315912318,100.0
New accounts,2025-08-01,Prophet,23.82061077520143,5971.629752034789,-23.82061077520143,
